code,term
10073911000001106,Easyhaler Budesonide 100micrograms/dose dry powder inhaler (Orion Pharma (UK) Ltd) (AMP)
10074411000001100,Easyhaler Budesonide 400micrograms/dose dry powder inhaler (Orion Pharma (UK) Ltd) (AMP)
10074611000001102,Easyhaler Budesonide 200micrograms/dose dry powder inhaler (Orion Pharma (UK) Ltd) (AMP)
10272811000001101,Budesonide 500micrograms/2ml nebuliser liquid unit dose vials (A A H Pharmaceuticals Ltd) (AMP)
10273211000001108,Budesonide 1mg/2ml nebuliser liquid unit dose vials (A A H Pharmaceuticals Ltd) (AMP)
10273611000001105,Budesonide 500micrograms/2ml nebuliser liquid unit dose vials (Teva UK Ltd) (AMP)
10274211000001106,Budesonide 1mg/2ml nebuliser liquid unit dose vials (Teva UK Ltd) (AMP)
10326511000001109,Budesonide 500micrograms/2ml nebuliser liquid unit dose vials (Kent Pharma (UK) Ltd) (AMP)
10326711000001104,Budesonide 1mg/2ml nebuliser liquid unit dose vials (Kent Pharma (UK) Ltd) (AMP)
10347711000001104,Budesonide 500micrograms/2ml nebuliser liquid unit dose vials (Alliance Healthcare (Distribution) Ltd) (AMP)
10347911000001102,Budesonide 1mg/2ml nebuliser liquid unit dose vials (Alliance Healthcare (Distribution) Ltd) (AMP)
10453011000001102,Budesonide 500micrograms/2ml nebuliser liquid unit dose vials (Arrow Generics Ltd) (AMP)
10453211000001107,Budesonide 1mg/2ml nebuliser liquid unit dose vials (Arrow Generics Ltd) (AMP)
10472811000001102,Seretide 250 Evohaler (Dowelhurst Ltd) (AMP)
10473211000001109,Seretide 125 Evohaler (Dowelhurst Ltd) (AMP)
10506611000001103,Symbicort 400/12 Turbohaler (Waymade Healthcare Plc) (AMP)
10512011000001109,Seretide 125 Evohaler (Waymade Healthcare Plc) (AMP)
10527411000001109,Pulmicort LS 50micrograms/dose inhaler (Waymade Healthcare Plc) (AMP)
10617711000001103,Clenil Modulite 50micrograms/dose inhaler (Chiesi Ltd) (AMP)
10618211000001109,Clenil Modulite 100micrograms/dose inhaler (Chiesi Ltd) (AMP)
10619311000001107,Clenil Modulite 200micrograms/dose inhaler (Chiesi Ltd) (AMP)
10619611000001102,Clenil Modulite 250micrograms/dose inhaler (Chiesi Ltd) (AMP)
10621011000001101,Beclometasone 200micrograms/dose inhaler CFC free (VMP)
10621111000001100,Beclometasone 250micrograms/dose inhaler CFC free (VMP)
10785011000001101,Pulmicort 1mg Respules (Waymade Healthcare Plc) (AMP)
10834011000001106,Flixotide 2mg/2ml Nebules (Waymade Healthcare Plc) (AMP)
10835911000001109,Flixotide 25micrograms/dose inhaler (Waymade Healthcare Plc) (AMP)
10838111000001101,Becodisks 200microgram (Waymade Healthcare Plc) (AMP)
10838311000001104,Becodisks 400microgram (Waymade Healthcare Plc) (AMP)
10844511000001104,Becotide 200 inhaler (Waymade Healthcare Plc) (AMP)
10855011000001109,Flixotide 50micrograms/dose Evohaler (Waymade Healthcare Plc) (AMP)
10983311000001107,Symbicort 100/6 Turbohaler (Waymade Healthcare Plc) (AMP)
11005511000001104,Budesonide 500micrograms/2ml nebuliser liquid unit dose vials (Accord-UK Ltd) (AMP)
11005711000001109,Budesonide 1mg/2ml nebuliser liquid unit dose vials (Accord-UK Ltd) (AMP)
11400011000001108,Beclometasone 50micrograms/dose inhaler (Almus Pharmaceuticals Ltd) (AMP)
11400511000001100,Beclometasone 100micrograms/dose inhaler (Almus Pharmaceuticals Ltd) (AMP)
11400811000001102,Beclometasone 250micrograms/dose inhaler (Almus Pharmaceuticals Ltd) (AMP)
12888311000001102,Flixotide 0.5mg/2ml Nebules (Waymade Healthcare Plc) (AMP)
12906411000001100,Fostair 100micrograms/dose / 6micrograms/dose inhaler (Chiesi Ltd) (AMP)
12911011000001100,Beclometasone 100micrograms/dose / Formoterol 6micrograms/dose inhaler CFC free (VMP)
13180411000001105,Beclazone 100 Easi-Breathe inhaler (Dowelhurst Ltd) (AMP)
13180811000001107,Beclazone 250 Easi-Breathe inhaler (Dowelhurst Ltd) (AMP)
13181011000001105,Beclazone 50 Easi-Breathe inhaler (Dowelhurst Ltd) (AMP)
13186411000001107,Budesonide 1mg/2ml nebuliser liquid unit dose vials (Dowelhurst Ltd) (AMP)
13186811000001109,Budesonide 500micrograms/2ml nebuliser liquid unit dose vials (Dowelhurst Ltd) (AMP)
13206411000001106,Symbicort 100/6 Turbohaler (Dowelhurst Ltd) (AMP)
13206611000001109,Symbicort 400/12 Turbohaler (Dowelhurst Ltd) (AMP)
13841811000001102,Flixotide 50micrograms/dose Accuhaler (Waymade Healthcare Plc) (AMP)
13876511000001105,Flixotide 100micrograms/dose Accuhaler (DE Pharmaceuticals) (AMP)
13876711000001100,Flixotide 250micrograms/dose Accuhaler (DE Pharmaceuticals) (AMP)
13876911000001103,Flixotide 500micrograms/dose Accuhaler (DE Pharmaceuticals) (AMP)
13877111000001103,Flixotide 250microgram disks (DE Pharmaceuticals) (AMP)
13877311000001101,Flixotide 500microgram disks (DE Pharmaceuticals) (AMP)
13877511000001107,Flixotide 125micrograms/dose Evohaler (DE Pharmaceuticals) (AMP)
13877711000001102,Flixotide 250micrograms/dose Evohaler (DE Pharmaceuticals) (AMP)
13878311000001100,Flixotide 0.5mg/2ml Nebules (DE Pharmaceuticals) (AMP)
13878511000001106,Flixotide 2mg/2ml Nebules (DE Pharmaceuticals) (AMP)
13952211000001103,Pulmicort 0.5mg Respules (DE Pharmaceuticals) (AMP)
13952511000001100,Pulmicort 1mg Respules (DE Pharmaceuticals) (AMP)
13952811000001102,Pulmicort 100 Turbohaler (DE Pharmaceuticals) (AMP)
13953111000001103,Pulmicort 200 Turbohaler (DE Pharmaceuticals) (AMP)
13953611000001106,Pulmicort 400 Turbohaler (DE Pharmaceuticals) (AMP)
13954711000001100,Qvar 100 inhaler (DE Pharmaceuticals) (AMP)
13958011000001106,Symbicort 100/6 Turbohaler (DE Pharmaceuticals) (AMP)
13958611000001104,Symbicort 200/6 Turbohaler (DE Pharmaceuticals) (AMP)
13959211000001106,Symbicort 400/12 Turbohaler (DE Pharmaceuticals) (AMP)
13961211000001104,Pulmicort LS 50micrograms/dose inhaler (DE Pharmaceuticals) (AMP)
13997111000001100,Seretide 100 Accuhaler (DE Pharmaceuticals) (AMP)
13997511000001109,Seretide 250 Accuhaler (DE Pharmaceuticals) (AMP)
13998111000001104,Seretide 125 Evohaler (DE Pharmaceuticals) (AMP)
13998411000001109,Seretide 250 Evohaler (DE Pharmaceuticals) (AMP)
14233711000001100,Flixotide 100micrograms/dose Accuhaler (Sigma Pharmaceuticals Plc) (AMP)
14233911000001103,Flixotide 500micrograms/dose Accuhaler (Sigma Pharmaceuticals Plc) (AMP)
14234111000001104,Flixotide 250micrograms/dose Accuhaler (Sigma Pharmaceuticals Plc) (AMP)
14234311000001102,Flixotide 50micrograms/dose Accuhaler (Sigma Pharmaceuticals Plc) (AMP)
14234511000001108,Flixotide 125micrograms/dose Evohaler (Sigma Pharmaceuticals Plc) (AMP)
14234711000001103,Flixotide 250micrograms/dose Evohaler (Sigma Pharmaceuticals Plc) (AMP)
14234911000001101,Flixotide 0.5mg/2ml Nebules (Sigma Pharmaceuticals Plc) (AMP)
14235111000001100,Flixotide 2mg/2ml Nebules (Sigma Pharmaceuticals Plc) (AMP)
14235311000001103,Flixotide 100microgram disks (Sigma Pharmaceuticals Plc) (AMP)
14235511000001109,Flixotide 250microgram disks (Sigma Pharmaceuticals Plc) (AMP)
14235711000001104,Flixotide 500microgram disks (Sigma Pharmaceuticals Plc) (AMP)
14238811000001103,Fluticasone 250micrograms/dose Evohaler (Sigma Pharmaceuticals Plc) (AMP)
14382711000001109,Pulmicort 1mg Respules (Sigma Pharmaceuticals Plc) (AMP)
14386211000001101,Pulmicort 0.5mg Respules (Sigma Pharmaceuticals Plc) (AMP)
14387611000001102,Pulmicort 400 Turbohaler (Sigma Pharmaceuticals Plc) (AMP)
14390211000001104,Pulmicort 100 Turbohaler (Sigma Pharmaceuticals Plc) (AMP)
14390411000001100,Pulmicort 200 Turbohaler (Sigma Pharmaceuticals Plc) (AMP)
14616311000001102,Qvar 100 Autohaler (Sigma Pharmaceuticals Plc) (AMP)
14616611000001107,Qvar 100 inhaler (Sigma Pharmaceuticals Plc) (AMP)
14620511000001104,Symbicort 100/6 Turbohaler (Sigma Pharmaceuticals Plc) (AMP)
14620711000001109,Symbicort 200/6 Turbohaler (Sigma Pharmaceuticals Plc) (AMP)
14621111000001102,Symbicort 400/12 Turbohaler (Sigma Pharmaceuticals Plc) (AMP)
14674111000001100,Seretide 100 Accuhaler (Sigma Pharmaceuticals Plc) (AMP)
14674711000001104,Seretide 250 Accuhaler (Sigma Pharmaceuticals Plc) (AMP)
14705211000001107,Seretide 500 Accuhaler (Sigma Pharmaceuticals Plc) (AMP)
14705411000001106,Seretide 125 Evohaler (Sigma Pharmaceuticals Plc) (AMP)
14705811000001108,Seretide 250 Evohaler (Sigma Pharmaceuticals Plc) (AMP)
14755711000001106,Qvar 100 Autohaler (Waymade Healthcare Plc) (AMP)
14951111000001102,Pulmicort 100micrograms/dose inhaler CFC free (AstraZeneca UK Ltd) (AMP)
14959511000001107,Budesonide 100micrograms/dose inhaler CFC free (VMP)
15052211000001104,Beclometasone 200micrograms/dose inhaler (Sigma Pharmaceuticals Plc) (AMP)
15060511000001109,Budesonide 1mg/2ml nebuliser liquid unit dose vials (Sigma Pharmaceuticals Plc) (AMP)
15358411000001102,Pulmicort 200micrograms/dose inhaler CFC free (AstraZeneca UK Ltd) (AMP)
15374611000001106,Budesonide 200micrograms/dose inhaler CFC free (VMP)
15418911000001106,Qvar 100micrograms/dose Easi-Breathe inhaler (Waymade Healthcare Plc) (AMP)
15884311000001105,Qvar 100 inhaler (Waymade Healthcare Plc) (AMP)
16140411000001105,Becodisks 200microgram (Lexon (UK) Ltd) (AMP)
16140911000001102,Becodisks 400microgram (Lexon (UK) Ltd) (AMP)
16179611000001103,Flixotide 250micrograms/dose Accuhaler (Lexon (UK) Ltd) (AMP)
16179811000001104,Flixotide 500micrograms/dose Accuhaler (Lexon (UK) Ltd) (AMP)
16180011000001105,Flixotide 125micrograms/dose Evohaler (Lexon (UK) Ltd) (AMP)
16180211000001100,Flixotide 250micrograms/dose Evohaler (Lexon (UK) Ltd) (AMP)
16180411000001101,Flixotide 0.5mg/2ml Nebules (Lexon (UK) Ltd) (AMP)
16180611000001103,Flixotide 2mg/2ml Nebules (Lexon (UK) Ltd) (AMP)
16230011000001102,Pulmicort 100 Turbohaler (Lexon (UK) Ltd) (AMP)
16230211000001107,Pulmicort 200 Turbohaler (Lexon (UK) Ltd) (AMP)
16230511000001105,Pulmicort 400 Turbohaler (Lexon (UK) Ltd) (AMP)
16230911000001103,Pulmicort 0.5mg Respules (Lexon (UK) Ltd) (AMP)
16231411000001102,Pulmicort 1mg Respules (Lexon (UK) Ltd) (AMP)
16232011000001103,Qvar 100 Autohaler (Lexon (UK) Ltd) (AMP)
16240811000001109,Seretide 100 Accuhaler (Lexon (UK) Ltd) (AMP)
16241011000001107,Seretide 250 Accuhaler (Lexon (UK) Ltd) (AMP)
16241111000001108,Seretide 500 Accuhaler (Lexon (UK) Ltd) (AMP)
16241311000001105,Seretide 125 Evohaler (Lexon (UK) Ltd) (AMP)
16241511000001104,Seretide 250 Evohaler (Lexon (UK) Ltd) (AMP)
16277711000001101,Becodisks 200microgram (Mawdsley-Brooks & Company Ltd) (AMP)
16278211000001107,Becodisks 400microgram (Mawdsley-Brooks & Company Ltd) (AMP)
16545111000001101,Flixotide 250micrograms/dose Accuhaler (Stephar (U.K.) Ltd) (AMP)
16545311000001104,Flixotide 125micrograms/dose Evohaler (Stephar (U.K.) Ltd) (AMP)
16545511000001105,Flixotide 250micrograms/dose Evohaler (Stephar (U.K.) Ltd) (AMP)
16579011000001104,Flixotide 50micrograms/dose Accuhaler (Mawdsley-Brooks & Company Ltd) (AMP)
16579211000001109,Flixotide 100micrograms/dose Accuhaler (Mawdsley-Brooks & Company Ltd) (AMP)
16579411000001108,Flixotide 250micrograms/dose Accuhaler (Mawdsley-Brooks & Company Ltd) (AMP)
16579611000001106,Flixotide 500micrograms/dose Accuhaler (Mawdsley-Brooks & Company Ltd) (AMP)
16579811000001105,Flixotide 125micrograms/dose Evohaler (Mawdsley-Brooks & Company Ltd) (AMP)
16580011000001104,Flixotide 250micrograms/dose Evohaler (Mawdsley-Brooks & Company Ltd) (AMP)
16580211000001109,Flixotide 0.5mg/2ml Nebules (Mawdsley-Brooks & Company Ltd) (AMP)
16580411000001108,Flixotide 2mg/2ml Nebules (Mawdsley-Brooks & Company Ltd) (AMP)
16581211000001103,Fluticasone 250micrograms/dose Evohaler (Mawdsley-Brooks & Company Ltd) (AMP)
16586711000001104,Pulmicort 400 Turbohaler (Stephar (U.K.) Ltd) (AMP)
16587011000001103,Pulmicort 0.5mg Respules (Stephar (U.K.) Ltd) (AMP)
16587211000001108,Pulmicort 1mg Respules (Stephar (U.K.) Ltd) (AMP)
16587911000001104,Seretide 100 Accuhaler (Stephar (U.K.) Ltd) (AMP)
16588111000001101,Seretide 250 Evohaler (Stephar (U.K.) Ltd) (AMP)
16728511000001101,Seretide 50 Evohaler (Waymade Healthcare Plc) (AMP)
17425011000001106,Pulmicort 0.5mg Respules (Mawdsley-Brooks & Company Ltd) (AMP)
17425311000001109,Pulmicort 1mg Respules (Mawdsley-Brooks & Company Ltd) (AMP)
17425611000001104,Pulmicort 100 Turbohaler (Mawdsley-Brooks & Company Ltd) (AMP)
17425811000001100,Pulmicort 200 Turbohaler (Mawdsley-Brooks & Company Ltd) (AMP)
17426011000001102,Pulmicort 400 Turbohaler (Mawdsley-Brooks & Company Ltd) (AMP)
17426811000001108,Qvar 50 inhaler (Mawdsley-Brooks & Company Ltd) (AMP)
17427011000001104,Qvar 100 inhaler (Mawdsley-Brooks & Company Ltd) (AMP)
17427211000001109,Qvar 100 Autohaler (Mawdsley-Brooks & Company Ltd) (AMP)
17440111000001102,Seretide 100 Accuhaler (Mawdsley-Brooks & Company Ltd) (AMP)
17440311000001100,Seretide 250 Accuhaler (Mawdsley-Brooks & Company Ltd) (AMP)
17440511000001106,Seretide 500 Accuhaler (Mawdsley-Brooks & Company Ltd) (AMP)
17440711000001101,Seretide 125 Evohaler (Mawdsley-Brooks & Company Ltd) (AMP)
17440911000001104,Seretide 250 Evohaler (Mawdsley-Brooks & Company Ltd) (AMP)
17457311000001102,Symbicort 100/6 Turbohaler (Mawdsley-Brooks & Company Ltd) (AMP)
17457611000001107,Symbicort 200/6 Turbohaler (Mawdsley-Brooks & Company Ltd) (AMP)
17457811000001106,Symbicort 400/12 Turbohaler (Mawdsley-Brooks & Company Ltd) (AMP)
17490511000001100,Alvesco 160 inhaler (Mawdsley-Brooks & Company Ltd) (AMP)
17505711000001109,Flixotide 50micrograms/dose Evohaler (Mawdsley-Brooks & Company Ltd) (AMP)
17600111000001105,Becodisks 200microgram (Necessity Supplies Ltd) (AMP)
17600311000001107,Becodisks 400microgram (Necessity Supplies Ltd) (AMP)
17793411000001101,Beclometasone 50micrograms/dose inhaler (Phoenix Healthcare Distribution Ltd) (AMP)
17794111000001108,Beclometasone 100micrograms/dose inhaler (Phoenix Healthcare Distribution Ltd) (AMP)
17809311000001106,Budesonide 500micrograms/2ml nebuliser liquid unit dose vials (Phoenix Healthcare Distribution Ltd) (AMP)
17810011000001102,Budesonide 1mg/2ml nebuliser liquid unit dose vials (Phoenix Healthcare Distribution Ltd) (AMP)
17833911000001100,Beclometasone 250micrograms/dose inhaler (Phoenix Healthcare Distribution Ltd) (AMP)
18050311000001104,Alvesco 160 inhaler (Lexon (UK) Ltd) (AMP)
18058211000001105,Flixotide 50micrograms/dose Evohaler (Lexon (UK) Ltd) (AMP)
18058811000001106,Qvar 100micrograms/dose Easi-Breathe inhaler (Sigma Pharmaceuticals Plc) (AMP)
18059011000001105,Qvar 50micrograms/dose Easi-Breathe inhaler (Sigma Pharmaceuticals Plc) (AMP)
18174511000001109,Pulmicort 1mg Respules (Necessity Supplies Ltd) (AMP)
18174711000001104,Pulmicort 0.5mg Respules (Necessity Supplies Ltd) (AMP)
18174911000001102,Pulmicort 100 Turbohaler (Necessity Supplies Ltd) (AMP)
18175111000001101,Pulmicort 200 Turbohaler (Necessity Supplies Ltd) (AMP)
18175311000001104,Pulmicort 400 Turbohaler (Necessity Supplies Ltd) (AMP)
18185011000001106,Seretide 100 Accuhaler (Necessity Supplies Ltd) (AMP)
18185211000001101,Seretide 250 Accuhaler (Necessity Supplies Ltd) (AMP)
18185411000001102,Seretide 500 Accuhaler (Necessity Supplies Ltd) (AMP)
18185611000001104,Seretide 125 Evohaler (Necessity Supplies Ltd) (AMP)
18185811000001100,Seretide 250 Evohaler (Necessity Supplies Ltd) (AMP)
18195111000001106,Symbicort 100/6 Turbohaler (Necessity Supplies Ltd) (AMP)
18195311000001108,Symbicort 200/6 Turbohaler (Necessity Supplies Ltd) (AMP)
18195511000001102,Symbicort 400/12 Turbohaler (Necessity Supplies Ltd) (AMP)
18261611000001102,Flixotide 100micrograms/dose Accuhaler (Necessity Supplies Ltd) (AMP)
18261811000001103,Flixotide 250micrograms/dose Accuhaler (Necessity Supplies Ltd) (AMP)
18262011000001101,Flixotide 500micrograms/dose Accuhaler (Necessity Supplies Ltd) (AMP)
18262211000001106,Flixotide 125micrograms/dose Evohaler (Necessity Supplies Ltd) (AMP)
18262411000001105,Flixotide 250micrograms/dose Evohaler (Necessity Supplies Ltd) (AMP)
18262611000001108,Flixotide 250microgram disks (Necessity Supplies Ltd) (AMP)
18263011000001105,Flixotide 500microgram disks (Necessity Supplies Ltd) (AMP)
18295511000001100,Qvar 100 Autohaler (Stephar (U.K.) Ltd) (AMP)
18507011000001106,Budesonide 500micrograms/2ml nebuliser liquid unit dose vials (Almus Pharmaceuticals Ltd) (AMP)
18507211000001101,Budesonide 1mg/2ml nebuliser liquid unit dose vials (Almus Pharmaceuticals Ltd) (AMP)
18579211000001101,Flixotide 50micrograms/dose Evohaler (DE Pharmaceuticals) (AMP)
18608111000001104,Qvar 100 Autohaler (DE Pharmaceuticals) (AMP)
18608311000001102,Qvar 50 Autohaler (DE Pharmaceuticals) (AMP)
18608511000001108,Qvar 100micrograms/dose Easi-Breathe inhaler (DE Pharmaceuticals) (AMP)
18608711000001103,Qvar 50micrograms/dose Easi-Breathe inhaler (DE Pharmaceuticals) (AMP)
18608911000001101,Qvar 50 inhaler (DE Pharmaceuticals) (AMP)
18611411000001104,Seretide 500 Accuhaler (DE Pharmaceuticals) (AMP)
19612611000001105,Flixotide 50micrograms/dose Accuhaler (DE Pharmaceuticals) (AMP)
19726711000001101,Alvesco 80 inhaler (Mawdsley-Brooks & Company Ltd) (AMP)
19727911000001101,Asmanex 400micrograms/dose Twisthaler (Mawdsley-Brooks & Company Ltd) (AMP)
19737111000001101,Clenil Modulite 50micrograms/dose inhaler (Mawdsley-Brooks & Company Ltd) (AMP)
19737311000001104,Clenil Modulite 100micrograms/dose inhaler (Mawdsley-Brooks & Company Ltd) (AMP)
19737511000001105,Clenil Modulite 200micrograms/dose inhaler (Mawdsley-Brooks & Company Ltd) (AMP)
19737811000001108,Clenil Modulite 250micrograms/dose inhaler (Mawdsley-Brooks & Company Ltd) (AMP)
19965011000001108,Flixotide 100micrograms/dose Accuhaler (Lexon (UK) Ltd) (AMP)
21019411000001101,Flutiform 125micrograms/dose / 5micrograms/dose inhaler (Napp Pharmaceuticals Ltd) (AMP)
21019711000001107,Flutiform 250micrograms/dose / 10micrograms/dose inhaler (Napp Pharmaceuticals Ltd) (AMP)
21020611000001104,Flutiform 50micrograms/dose / 5micrograms/dose inhaler (Napp Pharmaceuticals Ltd) (AMP)
21113711000001102,Fluticasone 125micrograms/dose / Formoterol 5micrograms/dose inhaler CFC free (VMP)
21113811000001105,Fluticasone 250micrograms/dose / Formoterol 10micrograms/dose inhaler CFC free (VMP)
21113911000001100,Fluticasone 50micrograms/dose / Formoterol 5micrograms/dose inhaler CFC free (VMP)
21690711000001109,Alvesco 160 inhaler (Waymade Healthcare Plc) (AMP)
21804411000001104,Budesonide 500micrograms/2ml nebuliser liquid unit dose vials (Waymade Healthcare Plc) (AMP)
21804611000001101,Budesonide 1mg/2ml nebuliser liquid unit dose vials (Waymade Healthcare Plc) (AMP)
22622411000001105,Budesonide 500micrograms/2ml nebuliser liquid unit dose vials (DE Pharmaceuticals) (AMP)
22622611000001108,Budesonide 1mg/2ml nebuliser liquid unit dose vials (DE Pharmaceuticals) (AMP)
23438611000001104,Alvesco 80 inhaler (Waymade Healthcare Plc) (AMP)
23621711000001102,Relvar Ellipta 184micrograms/dose / 22micrograms/dose dry powder inhaler (GlaxoSmithKline UK Ltd) (AMP)
23622011000001107,Relvar Ellipta 92micrograms/dose / 22micrograms/dose dry powder inhaler (GlaxoSmithKline UK Ltd) (AMP)
23661311000001105,Fluticasone furoate 184micrograms/dose / Vilanterol 22micrograms/dose dry powder inhaler (VMP)
23661411000001103,Fluticasone furoate 92micrograms/dose / Vilanterol 22micrograms/dose dry powder inhaler (VMP)
24591711000001104,Clenil Modulite 200micrograms/dose inhaler (Waymade Healthcare Plc) (AMP)
24591911000001102,Clenil Modulite 250micrograms/dose inhaler (Waymade Healthcare Plc) (AMP)
24660811000001107,Beclometasone 100micrograms/dose inhaler CFC free (Ennogen Healthcare Ltd) (AMP)
24667411000001109,Asmanex 200micrograms/dose Twisthaler (Waymade Healthcare Plc) (AMP)
25254111000001105,DuoResp Spiromax 160micrograms/dose / 4.5micrograms/dose dry powder inhaler (Teva UK Ltd) (AMP)
25254711000001106,DuoResp Spiromax 320micrograms/dose / 9micrograms/dose dry powder inhaler (Teva UK Ltd) (AMP)
26112111000001106,Fostair NEXThaler 100micrograms/dose / 6micrograms/dose dry powder inhaler (Chiesi Ltd) (AMP)
26148711000001101,Beclometasone 100micrograms/dose / Formoterol 6micrograms/dose dry powder inhaler (VMP)
27991211000001105,Qvar 50micrograms/dose Easi-Breathe inhaler (Waymade Healthcare Plc) (AMP)
2831211000001109,Flixotide 250micrograms/dose Evohaler (GlaxoSmithKline UK Ltd) (AMP)
2924111000001109,Pulmicort 200micrograms/dose inhaler (AstraZeneca UK Ltd) (AMP)
29525711000001109,Beclometasone 50micrograms/dose inhaler CFC free (Colorama Pharmaceuticals Ltd) (AMP)
29526111000001102,Beclometasone 100micrograms/dose inhaler CFC free (Colorama Pharmaceuticals Ltd) (AMP)
29526411000001107,Beclometasone 200micrograms/dose inhaler CFC free (Colorama Pharmaceuticals Ltd) (AMP)
29749211000001101,Flutiform 125micrograms/dose / 5micrograms/dose inhaler (Waymade Healthcare Plc) (AMP)
29749411000001102,Flutiform 50micrograms/dose / 5micrograms/dose inhaler (Waymade Healthcare Plc) (AMP)
29749611000001104,Flutiform 250micrograms/dose / 10micrograms/dose inhaler (Waymade Healthcare Plc) (AMP)
29775411000001101,Budesonide 500micrograms/2ml nebuliser liquid unit dose vials (Sigma Pharmaceuticals Plc) (AMP)
29782111000001107,Sirdupla 25micrograms/dose / 125micrograms/dose inhaler (Viatris UK Healthcare Ltd) (AMP)
29782511000001103,Sirdupla 25micrograms/dose / 250micrograms/dose inhaler (Viatris UK Healthcare Ltd) (AMP)
29959011000001102,Alvesco 80 inhaler (Lexon (UK) Ltd) (AMP)
30004311000001102,Budesonide 500micrograms/2ml nebuliser liquid unit dose vials (Mawdsley-Brooks & Company Ltd) (AMP)
30004511000001108,Budesonide 1mg/2ml nebuliser liquid unit dose vials (Mawdsley-Brooks & Company Ltd) (AMP)
30253911000001100,Sirdupla 25micrograms/dose / 250micrograms/dose inhaler (Waymade Healthcare Plc) (AMP)
30273011000001101,Relvar Ellipta 184micrograms/dose / 22micrograms/dose dry powder inhaler (Waymade Healthcare Plc) (AMP)
30273211000001106,Relvar Ellipta 92micrograms/dose / 22micrograms/dose dry powder inhaler (Waymade Healthcare Plc) (AMP)
3086011000001108,Becodisks 100microgram (GlaxoSmithKline UK Ltd) (AMP)
3088611000001100,Becodisks 100microgram with Diskhaler (GlaxoSmithKline UK Ltd) (AMP)
30950311000001106,AirFluSal Forspiro 50micrograms/dose / 500micrograms/dose dry powder inhaler (Sandoz Ltd) (AMP)
30950511000001100,Beclometasone 100micrograms/dose inhaler CFC free (DE Pharmaceuticals) (AMP)
30950711000001105,Beclometasone 200micrograms/dose inhaler CFC free (DE Pharmaceuticals) (AMP)
30950911000001107,Beclometasone 50micrograms/dose inhaler CFC free (DE Pharmaceuticals) (AMP)
3096011000001109,Becodisks 200microgram with Diskhaler (GlaxoSmithKline UK Ltd) (AMP)
3097711000001109,Flixotide 50microgram disks with Diskhaler (GlaxoSmithKline UK Ltd) (AMP)
3098611000001101,Flixotide 100microgram disks with Diskhaler (GlaxoSmithKline UK Ltd) (AMP)
3099611000001105,Flixotide 100microgram disks (GlaxoSmithKline UK Ltd) (AMP)
3099811000001109,Becodisks 200microgram (GlaxoSmithKline UK Ltd) (AMP)
3100811000001109,Flixotide 50microgram disks (GlaxoSmithKline UK Ltd) (AMP)
3102211000001109,Becodisks 400microgram with Diskhaler (GlaxoSmithKline UK Ltd) (AMP)
3103211000001103,Becloforte 400microgram disks with Diskhaler (GlaxoSmithKline UK Ltd) (AMP)
3103511000001100,Flixotide 250microgram disks (GlaxoSmithKline UK Ltd) (AMP)
3104911000001109,Becodisks 400microgram (GlaxoSmithKline UK Ltd) (AMP)
3105311000001107,Becloforte 400microgram disks (GlaxoSmithKline UK Ltd) (AMP)
3106311000001102,Flixotide 250microgram disks with Diskhaler (GlaxoSmithKline UK Ltd) (AMP)
31063111000001106,Fostair NEXThaler 200micrograms/dose / 6micrograms/dose dry powder inhaler (Chiesi Ltd) (AMP)
31063411000001101,Fostair 200micrograms/dose / 6micrograms/dose inhaler (Chiesi Ltd) (AMP)
31064411000001103,Fluticasone 125micrograms/dose / Salmeterol 25micrograms/dose inhaler CFC free (A A H Pharmaceuticals Ltd) (AMP)
31064611000001100,Fluticasone 250micrograms/dose / Salmeterol 25micrograms/dose inhaler CFC free (A A H Pharmaceuticals Ltd) (AMP)
31064811000001101,Fluticasone propionate 500micrograms/dose / Salmeterol 50micrograms/dose dry powder inhaler (A A H Pharmaceuticals Ltd) (AMP)
3108411000001105,Flixotide 500microgram disks with Diskhaler (GlaxoSmithKline UK Ltd) (AMP)
31087411000001106,Beclometasone 200micrograms/dose / Formoterol 6micrograms/dose inhaler CFC free (VMP)
31087511000001105,Beclometasone 200micrograms/dose / Formoterol 6micrograms/dose dry powder inhaler (VMP)
3110511000001108,Flixotide 500microgram disks (GlaxoSmithKline UK Ltd) (AMP)
3111911000001108,Asmabec 50 Clickhaler (Focus Pharmaceuticals Ltd) (AMP)
3112411000001105,Pulmicort 200 Turbohaler (AstraZeneca UK Ltd) (AMP)
3112511000001109,Asmabec 100 Clickhaler (Focus Pharmaceuticals Ltd) (AMP)
3112911000001102,Pulvinal Beclometasone Dipropionate 100micrograms/dose dry powder inhaler (Chiesi Ltd) (AMP)
3113111000001106,Pulmicort 100 Turbohaler (AstraZeneca UK Ltd) (AMP)
3113411000001101,Pulvinal Beclometasone Dipropionate 200micrograms/dose dry powder inhaler (Chiesi Ltd) (AMP)
31352911000001106,Beclometasone 100micrograms/dose inhaler CFC free (J M McGill Ltd) (AMP)
31353111000001102,Beclometasone 200micrograms/dose inhaler CFC free (J M McGill Ltd) (AMP)
31353311000001100,Beclometasone 50micrograms/dose inhaler CFC free (J M McGill Ltd) (AMP)
31457011000001100,Fluticasone furoate 184micrograms/dose / Vilanterol 22micrograms/dose dry powder inhaler (J M McGill Ltd) (AMP)
31457411000001109,Fluticasone furoate 92micrograms/dose / Vilanterol 22micrograms/dose dry powder inhaler (J M McGill Ltd) (AMP)
3174111000001102,Asmabec 250 Clickhaler (Focus Pharmaceuticals Ltd) (AMP)
3175111000001103,Pulvinal Beclometasone Dipropionate 400micrograms/dose dry powder inhaler (Chiesi Ltd) (AMP)
3175211000001109,Filair 50 inhaler (Meda Pharmaceuticals Ltd) (AMP)
3175611000001106,Qvar 100 inhaler (Teva UK Ltd) (AMP)
3175711000001102,Beclometasone 50micrograms/dose inhaler (A A H Pharmaceuticals Ltd) (AMP)
3175911000001100,Beclometasone 50micrograms/dose inhaler (Viatris UK Healthcare Ltd) (AMP)
3176211000001103,Becotide 50 inhaler (GlaxoSmithKline UK Ltd) (AMP)
3176411000001104,Beclazone 50 inhaler (Teva UK Ltd) (AMP)
3176711000001105,Beclometasone 50micrograms/dose inhaler (Kent Pharma (UK) Ltd) (AMP)
3176811000001102,Qvar 50 inhaler (Teva UK Ltd) (AMP)
3177111000001107,Beclometasone 50micrograms/dose inhaler (Alliance Healthcare (Distribution) Ltd) (AMP)
3177411000001102,Qvar 50 Autohaler (Teva UK Ltd) (AMP)
3177711000001108,Qvar 100 Autohaler (Teva UK Ltd) (AMP)
3177911000001105,Filair 100 inhaler (Meda Pharmaceuticals Ltd) (AMP)
3178211000001102,Beclometasone 100micrograms/dose inhaler (A A H Pharmaceuticals Ltd) (AMP)
3178411000001103,Beclometasone 100micrograms/dose inhaler (Viatris UK Healthcare Ltd) (AMP)
3178611000001100,Becotide 100 inhaler (GlaxoSmithKline UK Ltd) (AMP)
3178811000001101,Beclazone 100 inhaler (Teva UK Ltd) (AMP)
3179011000001102,Beclometasone 100micrograms/dose inhaler (Alliance Healthcare (Distribution) Ltd) (AMP)
3179311000001104,Becotide 200 inhaler (GlaxoSmithKline UK Ltd) (AMP)
3179511000001105,Beclazone 200 inhaler (Teva UK Ltd) (AMP)
3179811000001108,Beclometasone 250micrograms/dose inhaler (A A H Pharmaceuticals Ltd) (AMP)
3180011000001102,Beclometasone 250micrograms/dose inhaler (Viatris UK Healthcare Ltd) (AMP)
3180211000001107,Becloforte 250micrograms/dose inhaler (GlaxoSmithKline UK Ltd) (AMP)
3180611000001109,Beclazone 250 inhaler (Teva UK Ltd) (AMP)
3180911000001103,Beclometasone 250micrograms/dose inhaler (Alliance Healthcare (Distribution) Ltd) (AMP)
3181411000001102,AeroBec 100 Autohaler (Meda Pharmaceuticals Ltd) (AMP)
3181711000001108,Beclazone 100 Easi-Breathe inhaler (Teva UK Ltd) (AMP)
3182411000001107,AeroBec Forte 250 Autohaler (Meda Pharmaceuticals Ltd) (AMP)
3182611000001105,Beclazone 250 Easi-Breathe inhaler (Teva UK Ltd) (AMP)
3183811000001101,Flixotide 50micrograms/dose Accuhaler (GlaxoSmithKline UK Ltd) (AMP)
3184311000001107,Flixotide 100micrograms/dose Accuhaler (GlaxoSmithKline UK Ltd) (AMP)
3184911000001108,Flixotide 250micrograms/dose Accuhaler (GlaxoSmithKline UK Ltd) (AMP)
3185211000001103,Flixotide 500micrograms/dose Accuhaler (GlaxoSmithKline UK Ltd) (AMP)
3186911000001100,Seretide 100 Accuhaler (GlaxoSmithKline UK Ltd) (AMP)
3187211000001106,Seretide 250 Accuhaler (GlaxoSmithKline UK Ltd) (AMP)
3188311000001102,Seretide 500 Accuhaler (GlaxoSmithKline UK Ltd) (AMP)
3189711000001107,Beclometasone 100 Cyclocaps (Teva UK Ltd) (AMP)
3190311000001103,Becotide 100microgram Rotacaps (GlaxoSmithKline UK Ltd) (AMP)
3192111000001101,Becotide 200microgram Rotacaps (GlaxoSmithKline UK Ltd) (AMP)
3192611000001109,Beclometasone 200 Cyclocaps (Teva UK Ltd) (AMP)
3194011000001108,Becotide 400microgram Rotacaps (GlaxoSmithKline UK Ltd) (AMP)
3194511000001100,Beclometasone 400 Cyclocaps (Teva UK Ltd) (AMP)
3197211000001105,Budesonide 200 Cyclocaps (Teva UK Ltd) (AMP)
3198411000001108,Budesonide 400 Cyclocaps (Teva UK Ltd) (AMP)
32199311000001102,Beclometasone 100micrograms/dose inhaler CFC free (Niche Pharma Ltd) (AMP)
32199911000001101,Beclometasone 200micrograms/dose inhaler CFC free (Niche Pharma Ltd) (AMP)
32200311000001106,Beclometasone 50micrograms/dose inhaler CFC free (Niche Pharma Ltd) (AMP)
3228711000001106,Pulmicort 400 Turbohaler (AstraZeneca UK Ltd) (AMP)
32333511000001106,Fluticasone furoate 184micrograms/dose / Vilanterol 22micrograms/dose dry powder inhaler (Colorama Pharmaceuticals Ltd) (AMP)
32333911000001104,Fluticasone furoate 92micrograms/dose / Vilanterol 22micrograms/dose dry powder inhaler (Colorama Pharmaceuticals Ltd) (AMP)
3240911000001108,Pulmicort LS 50micrograms/dose inhaler (AstraZeneca UK Ltd) (AMP)
32684611000001106,Fluticasone furoate 184micrograms/dose / Vilanterol 22micrograms/dose dry powder inhaler (DE Pharmaceuticals) (AMP)
32684911000001100,Fluticasone furoate 92micrograms/dose / Vilanterol 22micrograms/dose dry powder inhaler (DE Pharmaceuticals) (AMP)
32926011000001100,Symbicort 200micrograms/dose / 6micrograms/dose pressurised inhaler (AstraZeneca UK Ltd) (AMP)
3294211000001101,Symbicort 100/6 Turbohaler (AstraZeneca UK Ltd) (AMP)
3294611000001104,Symbicort 200/6 Turbohaler (AstraZeneca UK Ltd) (AMP)
32960711000001105,Budesonide 200micrograms/dose / Formoterol 6micrograms/dose inhaler CFC free (VMP)
33679711000001103,Aerivio Spiromax 50micrograms/dose / 500micrograms/dose dry powder inhaler (Teva UK Ltd) (AMP)
3389111000001102,Flixotide 0.5mg/2ml Nebules (GlaxoSmithKline UK Ltd) (AMP)
3397211000001103,Flixotide 2mg/2ml Nebules (GlaxoSmithKline UK Ltd) (AMP)
34023611000001101,Sereflo 25micrograms/dose / 125micrograms/dose inhaler (Cipla EU Ltd) (AMP)
34023811000001102,Sereflo 25micrograms/dose / 250micrograms/dose inhaler (Cipla EU Ltd) (AMP)
34215311000001107,AirFluSal 25micrograms/dose / 125micrograms/dose inhaler (Sandoz Ltd) (AMP)
34215511000001101,AirFluSal 25micrograms/dose / 250micrograms/dose inhaler (Sandoz Ltd) (AMP)
3432911000001109,Budesonide 200microgram inhalation powder capsules (VMP)
3433011000001101,Budesonide 400microgram inhalation powder capsules (VMP)
34675711000001103,Aloflute 25micrograms/dose / 250micrograms/dose inhaler (Viatris UK Healthcare Ltd) (AMP)
34677011000001107,Aloflute 25micrograms/dose / 125micrograms/dose inhaler (Viatris UK Healthcare Ltd) (AMP)
34681611000001100,Trimbow 87micrograms/dose / 5micrograms/dose / 9micrograms/dose inhaler (Chiesi Ltd) (AMP)
34683311000001106,Generic Trimbow 87micrograms/dose / 5micrograms/dose / 9micrograms/dose inhaler CFC free (VMP)
34812111000001106,Fobumix Easyhaler 320micrograms/dose / 9micrograms/dose dry powder inhaler (Orion Pharma (UK) Ltd) (AMP)
34950311000001108,Fobumix Easyhaler 160micrograms/dose / 4.5micrograms/dose dry powder inhaler (Orion Pharma (UK) Ltd) (AMP)
34950611000001103,Fobumix Easyhaler 80micrograms/dose / 4.5micrograms/dose dry powder inhaler (Orion Pharma (UK) Ltd) (AMP)
35430111000001100,Kelhale 50micrograms/dose inhaler (Cipla EU Ltd) (AMP)
35430311000001103,Kelhale 100micrograms/dose inhaler (Cipla EU Ltd) (AMP)
35515311000001106,Fusacomb Easyhaler 50micrograms/dose / 500micrograms/dose dry powder inhaler (Orion Pharma (UK) Ltd) (AMP)
35515511000001100,Fusacomb Easyhaler 50micrograms/dose / 250micrograms/dose dry powder inhaler (Orion Pharma (UK) Ltd) (AMP)
35594011000001105,Combisal 25micrograms/dose / 50micrograms/dose inhaler (Aspire Pharma Ltd) (AMP)
35594211000001100,Combisal 25micrograms/dose / 125micrograms/dose inhaler (Aspire Pharma Ltd) (AMP)
35594411000001101,Combisal 25micrograms/dose / 250micrograms/dose inhaler (Aspire Pharma Ltd) (AMP)
35647311000001101,Flutiform K-haler 125micrograms/dose / 5micrograms/dose breath actuated inhaler (Napp Pharmaceuticals Ltd) (AMP)
35647511000001107,Fluticasone 125micrograms/dose / Formoterol 5micrograms/dose breath actuated inhaler CFC free (VMP)
35647611000001106,Fluticasone 50micrograms/dose / Formoterol 5micrograms/dose breath actuated inhaler CFC free (VMP)
35650811000001109,Flutiform K-haler 50micrograms/dose / 5micrograms/dose breath actuated inhaler (Napp Pharmaceuticals Ltd) (AMP)
35907611000001101,Beclometasone 100microgram inhalation powder blisters (VMP)
35907711000001105,Beclometasone 100microgram inhalation powder blisters with device (VMP)
35907811000001102,Beclometasone 100micrograms/dose breath actuated inhaler (VMP)
35907911000001107,Beclometasone 100micrograms/dose breath actuated inhaler CFC free (VMP)
35908011000001109,Beclometasone 100micrograms/dose dry powder inhaler (VMP)
35908111000001105,Beclometasone 100micrograms/dose inhaler CFC free (VMP)
35908211000001104,Beclometasone 200microgram inhalation powder blisters (VMP)
35908311000001107,Beclometasone 200microgram inhalation powder blisters with device (VMP)
35908411000001100,Beclometasone 200micrograms/dose dry powder inhaler (VMP)
35908511000001101,Beclometasone 200micrograms/dose inhaler (VMP)
35908611000001102,Beclometasone 250micrograms/dose breath actuated inhaler (VMP)
35908711000001106,Beclometasone 250micrograms/dose dry powder inhaler (VMP)
35908811000001103,Beclometasone 250micrograms/dose inhaler (VMP)
35908911000001108,Beclometasone 400microgram inhalation powder blisters (VMP)
35909011000001104,Beclometasone 400microgram inhalation powder blisters with device (VMP)
35909111000001103,Beclometasone 400micrograms/dose dry powder inhaler (VMP)
35909211000001109,Beclometasone 50micrograms/dose breath actuated inhaler (VMP)
35909311000001101,Beclometasone 50micrograms/dose breath actuated inhaler CFC free (VMP)
35909411000001108,Beclometasone 50micrograms/dose dry powder inhaler (VMP)
35909511000001107,Beclometasone 50micrograms/dose inhaler (VMP)
35909611000001106,Beclometasone 50micrograms/dose inhaler CFC free (VMP)
35912011000001109,Budesonide 100micrograms/dose / Formoterol 6micrograms/dose dry powder inhaler (VMP)
35912111000001105,Budesonide 100micrograms/dose dry powder inhaler (VMP)
35912411000001100,Budesonide 200micrograms/dose dry powder inhaler (VMP)
35912511000001101,Budesonide 200micrograms/dose inhaler (VMP)
35912711000001106,Budesonide 400micrograms/dose dry powder inhaler (VMP)
35912811000001103,Budesonide 50micrograms/dose inhaler (VMP)
3604611000001104,Beclazone 50 Easi-Breathe inhaler (Teva UK Ltd) (AMP)
3604911000001105,AeroBec 50 Autohaler (Meda Pharmaceuticals Ltd) (AMP)
36059111000001102,Fluticasone 25micrograms/dose inhaler (VMP)
36059211000001108,Fluticasone propionate 100microgram inhalation powder blisters (VMP)
36059311000001100,Fluticasone propionate 100microgram inhalation powder blisters with device (VMP)
36059411000001107,Fluticasone propionate 250microgram inhalation powder blisters with device (VMP)
36059511000001106,Fluticasone propionate 250microgram inhalation powder blisters (VMP)
36059611000001105,Fluticasone propionate 500microgram inhalation powder blisters (VMP)
36059711000001101,Fluticasone propionate 500microgram inhalation powder blisters with device (VMP)
36059811000001109,Fluticasone propionate 50microgram inhalation powder blisters (VMP)
36059911000001104,Fluticasone propionate 50microgram inhalation powder blisters with device (VMP)
3635411000001106,Pulmicort 0.5mg Respules (AstraZeneca UK Ltd) (AMP)
3636511000001103,Pulmicort 1mg Respules (AstraZeneca UK Ltd) (AMP)
3654511000001105,Budesonide 500micrograms/2ml nebuliser liquid unit dose vials (VMP)
3654611000001109,Budesonide 1mg/2ml nebuliser liquid unit dose vials (VMP)
36565411000001101,Fluticasone propionate 250micrograms/dose dry powder inhaler (VMP)
36603211000001106,Soprobec 50micrograms/dose inhaler (Glenmark Pharmaceuticals Europe Ltd) (AMP)
36603411000001105,Soprobec 200micrograms/dose inhaler (Glenmark Pharmaceuticals Europe Ltd) (AMP)
36603611000001108,Soprobec 100micrograms/dose inhaler (Glenmark Pharmaceuticals Europe Ltd) (AMP)
36603811000001107,Soprobec 250micrograms/dose inhaler (Glenmark Pharmaceuticals Europe Ltd) (AMP)
36604711000001102,Stalpex 50micrograms/dose / 500micrograms/dose dry powder inhaler (Glenmark Pharmaceuticals Europe Ltd) (AMP)
36889311000001107,DuoResp Spiromax 160micrograms/dose / 4.5micrograms/dose dry powder inhaler (Pharmaram Ltd) (AMP)
36889511000001101,DuoResp Spiromax 320micrograms/dose / 9micrograms/dose dry powder inhaler (Pharmaram Ltd) (AMP)
37391711000001105,Flutiform 125micrograms/dose / 5micrograms/dose inhaler (CST Pharma Ltd) (AMP)
37397211000001108,DuoResp Spiromax 320micrograms/dose / 9micrograms/dose dry powder inhaler (Mawdsley-Brooks & Company Ltd) (AMP)
37397411000001107,DuoResp Spiromax 160micrograms/dose / 4.5micrograms/dose dry powder inhaler (Mawdsley-Brooks & Company Ltd) (AMP)
37400911000001108,Qvar 100 Autohaler (CST Pharma Ltd) (AMP)
37434411000001103,DuoResp Spiromax 160micrograms/dose / 4.5micrograms/dose dry powder inhaler (CST Pharma Ltd) (AMP)
37434611000001100,DuoResp Spiromax 320micrograms/dose / 9micrograms/dose dry powder inhaler (CST Pharma Ltd) (AMP)
37443211000001101,Seretide 250 Accuhaler (CST Pharma Ltd) (AMP)
37443411000001102,Seretide 500 Accuhaler (CST Pharma Ltd) (AMP)
37443611000001104,Seretide 250 Evohaler (CST Pharma Ltd) (AMP)
37444011000001108,Seretide 125 Evohaler (CST Pharma Ltd) (AMP)
37444211000001103,Symbicort 400/12 Turbohaler (CST Pharma Ltd) (AMP)
37444611000001101,Qvar 100 inhaler (CST Pharma Ltd) (AMP)
37446211000001108,Flixotide 100micrograms/dose Accuhaler (CST Pharma Ltd) (AMP)
37446411000001107,Flixotide 250micrograms/dose Accuhaler (CST Pharma Ltd) (AMP)
37446611000001105,Flixotide 500micrograms/dose Accuhaler (CST Pharma Ltd) (AMP)
37448711000001102,Flutiform 250micrograms/dose / 10micrograms/dose inhaler (CST Pharma Ltd) (AMP)
37484711000001101,Flutiform 250micrograms/dose / 10micrograms/dose inhaler (Mawdsley-Brooks & Company Ltd) (AMP)
37484911000001104,Flutiform 125micrograms/dose / 5micrograms/dose inhaler (Mawdsley-Brooks & Company Ltd) (AMP)
37532911000001106,Relvar Ellipta 184micrograms/dose / 22micrograms/dose dry powder inhaler (CST Pharma Ltd) (AMP)
37533111000001102,Relvar Ellipta 92micrograms/dose / 22micrograms/dose dry powder inhaler (CST Pharma Ltd) (AMP)
37577111000001108,Alvesco 160 inhaler (CST Pharma Ltd) (AMP)
37631511000001104,DuoResp Spiromax 160micrograms/dose / 4.5micrograms/dose dry powder inhaler (Ethigen Ltd) (AMP)
37631711000001109,DuoResp Spiromax 320micrograms/dose / 9micrograms/dose dry powder inhaler (Ethigen Ltd) (AMP)
37665111000001104,Flutiform 125micrograms/dose / 5micrograms/dose inhaler (Pilsco Ltd) (AMP)
37665311000001102,Flutiform 250micrograms/dose / 10micrograms/dose inhaler (Pilsco Ltd) (AMP)
37699111000001100,Pulmicort 0.5mg Respules (Pilsco Ltd) (AMP)
37699311000001103,Pulmicort 1mg Respules (Pilsco Ltd) (AMP)
37699711000001104,Qvar 100 Autohaler (Pilsco Ltd) (AMP)
37700511000001108,Relvar Ellipta 184micrograms/dose / 22micrograms/dose dry powder inhaler (Pilsco Ltd) (AMP)
37700711000001103,Relvar Ellipta 92micrograms/dose / 22micrograms/dose dry powder inhaler (Pilsco Ltd) (AMP)
37702211000001106,Seretide 250 Accuhaler (Pilsco Ltd) (AMP)
37702411000001105,Seretide 250 Evohaler (Pilsco Ltd) (AMP)
37702611000001108,Seretide 500 Accuhaler (Pilsco Ltd) (AMP)
37714411000001100,AirFluSal Forspiro 50micrograms/dose / 500micrograms/dose dry powder inhaler (Pilsco Ltd) (AMP)
37714611000001102,AirFluSal 25micrograms/dose / 125micrograms/dose inhaler (Pilsco Ltd) (AMP)
37714811000001103,AirFluSal 25micrograms/dose / 250micrograms/dose inhaler (Pilsco Ltd) (AMP)
37727811000001101,Qvar 100 inhaler (Pilsco Ltd) (AMP)
37729411000001107,Sereflo 25micrograms/dose / 250micrograms/dose inhaler (Pilsco Ltd) (AMP)
37739011000001101,Symbicort 200/6 Turbohaler (CST Pharma Ltd) (AMP)
37994011000001101,Relvar Ellipta 184micrograms/dose / 22micrograms/dose dry powder inhaler (Pharmaram Ltd) (AMP)
37994211000001106,Relvar Ellipta 92micrograms/dose / 22micrograms/dose dry powder inhaler (Pharmaram Ltd) (AMP)
37996511000001103,Seretide 125 Evohaler (Pharmaram Ltd) (AMP)
37996711000001108,Seretide 250 Evohaler (Pharmaram Ltd) (AMP)
37997311000001107,Symbicort 100/6 Turbohaler (Pharmaram Ltd) (AMP)
37997511000001101,Symbicort 200/6 Turbohaler (Pharmaram Ltd) (AMP)
37997711000001106,Symbicort 400/12 Turbohaler (Pharmaram Ltd) (AMP)
38130011000001108,DuoResp Spiromax 160micrograms/dose / 4.5micrograms/dose dry powder inhaler (DE Pharmaceuticals) (AMP)
38130211000001103,DuoResp Spiromax 320micrograms/dose / 9micrograms/dose dry powder inhaler (DE Pharmaceuticals) (AMP)
38130411000001104,Easyhaler Beclometasone 200micrograms/dose dry powder inhaler (DE Pharmaceuticals) (AMP)
38130611000001101,Easyhaler Budesonide 100micrograms/dose dry powder inhaler (DE Pharmaceuticals) (AMP)
38130811000001102,Easyhaler Budesonide 200micrograms/dose dry powder inhaler (DE Pharmaceuticals) (AMP)
38131011000001104,Easyhaler Budesonide 400micrograms/dose dry powder inhaler (DE Pharmaceuticals) (AMP)
38134511000001109,Flutiform 125micrograms/dose / 5micrograms/dose inhaler (DE Pharmaceuticals) (AMP)
38134711000001104,Flutiform 250micrograms/dose / 10micrograms/dose inhaler (DE Pharmaceuticals) (AMP)
38134911000001102,Flutiform 50micrograms/dose / 5micrograms/dose inhaler (DE Pharmaceuticals) (AMP)
38135111000001101,Flutiform K-haler 125micrograms/dose / 5micrograms/dose breath actuated inhaler (DE Pharmaceuticals) (AMP)
38135311000001104,Flutiform K-haler 50micrograms/dose / 5micrograms/dose breath actuated inhaler (DE Pharmaceuticals) (AMP)
38136011000001106,Fostair NEXThaler 100micrograms/dose / 6micrograms/dose dry powder inhaler (DE Pharmaceuticals) (AMP)
38165311000001109,Relvar Ellipta 92micrograms/dose / 22micrograms/dose dry powder inhaler (DE Pharmaceuticals) (AMP)
38165511000001103,Relvar Ellipta 184micrograms/dose / 22micrograms/dose dry powder inhaler (DE Pharmaceuticals) (AMP)
38166911000001103,Sirdupla 25micrograms/dose / 125micrograms/dose inhaler (DE Pharmaceuticals) (AMP)
38167111000001103,Sirdupla 25micrograms/dose / 250micrograms/dose inhaler (DE Pharmaceuticals) (AMP)
38640111000001109,Sirdupla 25micrograms/dose / 125micrograms/dose inhaler (Pilsco Ltd) (AMP)
38640311000001106,Sirdupla 25micrograms/dose / 250micrograms/dose inhaler (Pilsco Ltd) (AMP)
38807211000001100,Budesonide 500micrograms/2ml nebuliser liquid unit dose vials (Medihealth (Northern) Ltd) (AMP)
38807411000001101,Budesonide 1mg/2ml nebuliser liquid unit dose vials (Medihealth (Northern) Ltd) (AMP)
38895411000001109,Mometasone 200micrograms/dose dry powder inhaler (VMP)
38895611000001107,Mometasone 400micrograms/dose dry powder inhaler (VMP)
38896811000001103,Budesonide 200micrograms/dose / Formoterol 6micrograms/dose dry powder inhaler (VMP)
38897411000001103,Fluticasone propionate 500micrograms/dose / Salmeterol 50micrograms/dose dry powder inhaler (VMP)
38897511000001104,Fluticasone propionate 250micrograms/dose / Salmeterol 50micrograms/dose dry powder inhaler (VMP)
38897611000001100,Fluticasone propionate 100micrograms/dose / Salmeterol 50micrograms/dose dry powder inhaler (VMP)
38897711000001109,Fluticasone propionate 500micrograms/dose dry powder inhaler (VMP)
38897811000001101,Fluticasone propionate 100micrograms/dose dry powder inhaler (VMP)
38897911000001106,Fluticasone propionate 50micrograms/dose dry powder inhaler (VMP)
38960111000001101,Fluticasone 500micrograms/2ml nebuliser liquid unit dose vials (Imported) (AMP)
38960511000001105,Fluticasone 2mg/2ml nebuliser liquid unit dose vials (Imported) (AMP)
39089311000001103,Flutiform K-haler 125micrograms/dose / 5micrograms/dose breath actuated inhaler (Pilsco Ltd) (AMP)
39105811000001102,Symbicort 100micrograms/dose / 3micrograms/dose pressurised inhaler (AstraZeneca UK Ltd) (AMP)
39110911000001100,Fluticasone 50micrograms/dose inhaler CFC free (VMP)
39111011000001108,Fluticasone 50micrograms/dose / Salmeterol 25micrograms/dose inhaler CFC free (VMP)
39111111000001109,Fluticasone 125micrograms/dose / Salmeterol 25micrograms/dose inhaler CFC free (VMP)
39111211000001103,Fluticasone 125micrograms/dose inhaler CFC free (VMP)
39111311000001106,Fluticasone 250micrograms/dose / Salmeterol 25micrograms/dose inhaler CFC free (VMP)
39111411000001104,Fluticasone 250micrograms/dose inhaler CFC free (VMP)
39133611000001108,Budesonide 100micrograms/dose / Formoterol 3micrograms/dose inhaler CFC free (VMP)
39134511000001107,Generic Enerzair Breezhaler 114micrograms/dose / 46micrograms/dose / 136micrograms/dose inhalation powder capsules with device (VMP)
39134711000001102,Enerzair Breezhaler 114micrograms/dose / 46micrograms/dose / 136micrograms/dose inhalation powder capsules with device (Novartis Pharmaceuticals UK Ltd) (AMP)
39360211000001103,Fostair NEXThaler 100micrograms/dose / 6micrograms/dose dry powder inhaler (Pilsco Ltd) (AMP)
39360411000001104,Sereflo 25micrograms/dose / 125micrograms/dose inhaler (Pilsco Ltd) (AMP)
39567411000001102,Fixkoh Airmaster 50micrograms/dose / 500micrograms/dose dry powder inhaler (Genus Pharmaceuticals Holdings Ltd) (AMP)
39567611000001104,Fixkoh Airmaster 50micrograms/dose / 250micrograms/dose dry powder inhaler (Genus Pharmaceuticals Holdings Ltd) (AMP)
39567811000001100,Fixkoh Airmaster 50micrograms/dose / 100micrograms/dose dry powder inhaler (Genus Pharmaceuticals Holdings Ltd) (AMP)
39691211000001100,Fluticasone propionate 100micrograms/dose dry powder inhaler (Imported) (AMP)
39695511000001104,Beclometasone 100microgram inhalation powder capsules (VMP)
39695611000001100,Beclometasone 200microgram inhalation powder capsules (VMP)
39695711000001109,Beclometasone 400microgram inhalation powder capsules (VMP)
39712311000001105,Fluticasone 500micrograms/2ml nebuliser liquid unit dose vials (VMP)
39712511000001104,Fluticasone 2mg/2ml nebuliser liquid unit dose vials (VMP)
39817511000001103,Luforbec 100micrograms/dose / 6micrograms/dose inhaler (Lupin Healthcare (UK) Ltd) (AMP)
398511000001105,Flixotide 125micrograms/dose Evohaler (GlaxoSmithKline UK Ltd) (AMP)
39939611000001107,Fostair 100micrograms/dose / 6micrograms/dose inhaler (CST Pharma Ltd) (AMP)
40034211000001104,Avenor 25micrograms/dose / 50micrograms/dose inhaler (Zentiva Pharma UK Ltd) (AMP)
40040711000001101,Avenor 25micrograms/dose / 125micrograms/dose inhaler (Zentiva Pharma UK Ltd) (AMP)
40040911000001104,Avenor 25micrograms/dose / 250micrograms/dose inhaler (Zentiva Pharma UK Ltd) (AMP)
40106011000001102,WockAIR 160micrograms/dose / 4.5micrograms/dose dry powder inhaler (Wockhardt UK Ltd) (AMP)
40106211000001107,WockAIR 320micrograms/dose / 9micrograms/dose dry powder inhaler (Wockhardt UK Ltd) (AMP)
40220711000001106,Seretide 50 Evohaler (CST Pharma Ltd) (AMP)
40220911000001108,Fostair NEXThaler 100micrograms/dose / 6micrograms/dose dry powder inhaler (CST Pharma Ltd) (AMP)
40377811000001105,Alvesco 160 inhaler (DE Pharmaceuticals) (AMP)
4043811000001103,Asmanex 400micrograms/dose Twisthaler (Organon Pharma (UK) Ltd) (AMP)
40444911000001101,Seffalair Spiromax 12.75micrograms/dose / 202micrograms/dose dry powder inhaler (Teva UK Ltd) (AMP)
40445111000001100,Seffalair Spiromax 12.75micrograms/dose / 100micrograms/dose dry powder inhaler (Teva UK Ltd) (AMP)
40455711000001101,Fluticasone propionate 100micrograms/dose / Salmeterol 12.75micrograms/dose dry powder inhaler (VMP)
40455811000001109,Fluticasone propionate 202micrograms/dose / Salmeterol 12.75micrograms/dose dry powder inhaler (VMP)
4045711000001107,Asmanex 200micrograms/dose Twisthaler (Organon Pharma (UK) Ltd) (AMP)
40504911000001103,Sereflo Ciphaler 50micrograms/dose / 250micrograms/dose dry powder inhaler (Cipla EU Ltd) (AMP)
40752211000001109,Trimbow 172micrograms/dose / 5micrograms/dose / 9micrograms/dose inhaler (Chiesi Ltd) (AMP)
40766811000001104,Generic Trimbow 172micrograms/dose / 5micrograms/dose / 9micrograms/dose inhaler CFC free (VMP)
40852311000001103,Luforbec 200micrograms/dose / 6micrograms/dose inhaler (Lupin Healthcare (UK) Ltd) (AMP)
41074511000001106,Easyhaler Budesonide 200micrograms/dose dry powder inhaler (Pilsco Ltd) (AMP)
41158211000001107,Campona Airmaster 50micrograms/dose / 100micrograms/dose dry powder inhaler (Genesis Pharmaceuticals Ltd) (AMP)
41158811000001108,Campona Airmaster 50micrograms/dose / 250micrograms/dose dry powder inhaler (Genesis Pharmaceuticals Ltd) (AMP)
41159011000001107,Campona Airmaster 50micrograms/dose / 500micrograms/dose dry powder inhaler (Genesis Pharmaceuticals Ltd) (AMP)
41475411000001100,Beclu 100micrograms/dose inhaler (Lupin Healthcare (UK) Ltd) (AMP)
41476211000001105,Beclu 200micrograms/dose inhaler (Lupin Healthcare (UK) Ltd) (AMP)
41619211000001108,Sereflo Ciphaler 50micrograms/dose / 500micrograms/dose dry powder inhaler (Cipla EU Ltd) (AMP)
41963811000001107,Bibecfo 100micrograms/dose / 6micrograms/dose inhaler (Cipla EU Ltd) (AMP)
41966111000001105,Bibecfo 200micrograms/dose / 6micrograms/dose inhaler (Cipla EU Ltd) (AMP)
41977111000001103,Seretide 100 Accuhaler (Pilsco Ltd) (AMP)
42007211000001108,GoResp Digihaler 160micrograms/dose / 4.5micrograms/dose dry powder inhaler (Teva UK Ltd) (AMP)
42007511000001106,GoResp Digihaler 320micrograms/dose / 9micrograms/dose dry powder inhaler (Teva UK Ltd) (AMP)
42292311000001106,Beclometasone 100micrograms/dose inhaler (VMP)
42343111000001100,AirFluSal Forspiro 50micrograms/dose / 500micrograms/dose dry powder inhaler (CST Pharma Ltd) (AMP)
42606411000001103,Vivaire 100micrograms/dose / 6micrograms/dose inhaler (Zentiva Pharma UK Ltd) (AMP)
42832811000001102,AirFluSal Forspiro 50micrograms/dose / 500micrograms/dose dry powder inhaler (Necessity Supplies Ltd) (AMP)
42833911000001100,Alvesco 160 inhaler (Necessity Supplies Ltd) (AMP)
42838111000001107,Budesonide 500micrograms/2ml nebuliser liquid unit dose vials (Necessity Supplies Ltd) (AMP)
42838311000001109,Budesonide 1mg/2ml nebuliser liquid unit dose vials (Necessity Supplies Ltd) (AMP)
42851411000001105,Flutiform 250micrograms/dose / 10micrograms/dose inhaler (Necessity Supplies Ltd) (AMP)
42851611000001108,Flutiform 50micrograms/dose / 5micrograms/dose inhaler (Necessity Supplies Ltd) (AMP)
42872811000001100,Qvar 100 inhaler (Necessity Supplies Ltd) (AMP)
42876111000001106,Sereflo 25micrograms/dose / 125micrograms/dose inhaler (Necessity Supplies Ltd) (AMP)
42876311000001108,Sereflo 25micrograms/dose / 250micrograms/dose inhaler (Necessity Supplies Ltd) (AMP)
42878011000001109,Seretide 50 Evohaler (Necessity Supplies Ltd) (AMP)
42882111000001104,Sirdupla 25micrograms/dose / 250micrograms/dose inhaler (Necessity Supplies Ltd) (AMP)
43152111000001109,Fostair NEXThaler 100micrograms/dose / 6micrograms/dose dry powder inhaler (Necessity Supplies Ltd) (AMP)
43173611000001108,AirFluSal 25micrograms/dose / 125micrograms/dose inhaler (Necessity Supplies Ltd) (AMP)
4332611000001107,Beclometasone 200micrograms/dose inhaler (A A H Pharmaceuticals Ltd) (AMP)
4373811000001100,Symbicort 400/12 Turbohaler (AstraZeneca UK Ltd) (AMP)
4378111000001103,Budesonide 400micrograms/dose / Formoterol 12micrograms/dose dry powder inhaler (VMP)
43790811000001103,Budesonide 500micrograms/2ml nebuliser suspension unit dose ampoules (Zentiva Pharma UK Ltd) (AMP)
43796411000001103,Budesonide 1mg/2ml nebuliser suspension unit dose ampoules (Zentiva Pharma UK Ltd) (AMP)
43823711000001105,Ciclesonide 80micrograms/dose inhaler CFC free (Advanz Pharma) (AMP)
43823911000001107,Ciclesonide 160micrograms/dose inhaler CFC free (Advanz Pharma) (AMP)
44073411000001102,Vivaire 200micrograms/dose / 6micrograms/dose inhaler (Zentiva Pharma UK Ltd) (AMP)
44098211000001102,Budesonide 1mg/2ml nebuliser suspension unit dose ampoules (VMP)
44098311000001105,Budesonide 500micrograms/2ml nebuliser suspension unit dose ampoules (VMP)
44137711000001109,Ciclesonide 160micrograms/dose inhaler CFC free (Alliance Healthcare (Distribution) Ltd) (AMP)
44138311000001106,Ciclesonide 80micrograms/dose inhaler CFC free (Alliance Healthcare (Distribution) Ltd) (AMP)
44169711000001108,Proxor 100micrograms/dose / 6micrograms/dose inhaler (Genus Pharmaceuticals Ltd) (AMP)
44170211000001104,Proxor 200micrograms/dose / 6micrograms/dose inhaler (Genus Pharmaceuticals Ltd) (AMP)
44221111000001101,Ciclesonide 80micrograms/dose inhaler CFC free (A A H Pharmaceuticals Ltd) (AMP)
44221911000001103,Ciclesonide 160micrograms/dose inhaler CFC free (A A H Pharmaceuticals Ltd) (AMP)
44883211000001108,AirFluSal Forspiro 50micrograms/dose / 500micrograms/dose dry powder inhaler (Pharmaram Ltd) (AMP)
453611000001102,Seretide 50 Evohaler (GlaxoSmithKline UK Ltd) (AMP)
4753511000001101,Filair Forte 250micrograms/dose inhaler (Meda Pharmaceuticals Ltd) (AMP)
4773611000001100,Beclometasone 50micrograms/dose inhaler (Teva UK Ltd) (AMP)
4773811000001101,Beclometasone 100micrograms/dose inhaler (Teva UK Ltd) (AMP)
4774011000001109,Beclometasone 250micrograms/dose inhaler (Teva UK Ltd) (AMP)
4856011000001103,Flixotide 25micrograms/dose inhaler (GlaxoSmithKline UK Ltd) (AMP)
4860811000001104,Pulmicort 200micrograms/dose inhaler with Nebuchamber (AstraZeneca UK Ltd) (AMP)
4864911000001104,Budesonide 200micrograms/dose inhaler with spacer (VMP)
5256011000001101,Becloforte 250micrograms/dose inhaler (Waymade Healthcare Plc) (AMP)
5256411000001105,Becotide 200microgram Rotacaps (Waymade Healthcare Plc) (AMP)
5256611000001108,Becotide 100 inhaler (Waymade Healthcare Plc) (AMP)
5256811000001107,Becotide 50 inhaler (Waymade Healthcare Plc) (AMP)
5258111000001101,Budesonide 400micrograms/dose Turbohaler (Waymade Healthcare Plc) (AMP)
5261111000001103,Flixotide 100micrograms/dose Accuhaler (Waymade Healthcare Plc) (AMP)
5261411000001108,Flixotide 250micrograms/dose Accuhaler (Waymade Healthcare Plc) (AMP)
5262211000001102,Flixotide 500micrograms/dose Accuhaler (Waymade Healthcare Plc) (AMP)
5265811000001108,Flixotide 100microgram disks (Waymade Healthcare Plc) (AMP)
5266111000001107,Flixotide 250microgram disks (Waymade Healthcare Plc) (AMP)
5266711000001108,Flixotide 500microgram disks (Waymade Healthcare Plc) (AMP)
5267111000001105,Flixotide 125micrograms/dose Evohaler (Waymade Healthcare Plc) (AMP)
5268111000001106,Flixotide 250micrograms/dose Evohaler (Waymade Healthcare Plc) (AMP)
5273211000001102,Pulmicort 100 Turbohaler (Waymade Healthcare Plc) (AMP)
5273611000001100,Pulmicort 200 Turbohaler (Waymade Healthcare Plc) (AMP)
5273911000001106,Pulmicort 400 Turbohaler (Waymade Healthcare Plc) (AMP)
5275611000001101,Seretide 100 Accuhaler (Waymade Healthcare Plc) (AMP)
5276011000001104,Seretide 250 Accuhaler (Waymade Healthcare Plc) (AMP)
5276211000001109,Seretide 500 Accuhaler (Waymade Healthcare Plc) (AMP)
5276811000001105,Seretide 250 Evohaler (Waymade Healthcare Plc) (AMP)
5277211000001106,Symbicort 200/6 Turbohaler (Waymade Healthcare Plc) (AMP)
5282711000001106,Becloforte 250micrograms/dose inhaler (Dowelhurst Ltd) (AMP)
5284411000001107,Becotide 200microgram Rotacaps (Dowelhurst Ltd) (AMP)
5284711000001101,Becotide 50 inhaler (Dowelhurst Ltd) (AMP)
5290911000001105,Flixotide 100micrograms/dose Accuhaler (Dowelhurst Ltd) (AMP)
5292311000001108,Flixotide 100microgram disks (Dowelhurst Ltd) (AMP)
5293111000001100,Flixotide 125micrograms/dose Evohaler (Dowelhurst Ltd) (AMP)
5293811000001107,Flixotide 250micrograms/dose Accuhaler (Dowelhurst Ltd) (AMP)
5294311000001101,Flixotide 250microgram disks (Dowelhurst Ltd) (AMP)
5294611000001106,Flixotide 250micrograms/dose Evohaler (Dowelhurst Ltd) (AMP)
5294811000001105,Flixotide 500micrograms/dose Accuhaler (Dowelhurst Ltd) (AMP)
5295011000001100,Flixotide 500microgram disks (Dowelhurst Ltd) (AMP)
5295211000001105,Flixotide 50micrograms/dose Accuhaler (Dowelhurst Ltd) (AMP)
5310511000001105,Pulmicort 0.5mg Respules (Dowelhurst Ltd) (AMP)
5311011000001106,Pulmicort 100 Turbohaler (Dowelhurst Ltd) (AMP)
5312311000001100,Pulmicort 1mg Respules (Dowelhurst Ltd) (AMP)
5313011000001107,Pulmicort 200 Turbohaler (Dowelhurst Ltd) (AMP)
5313811000001101,Pulmicort 400 Turbohaler (Dowelhurst Ltd) (AMP)
5317111000001100,Seretide 100 Accuhaler (Dowelhurst Ltd) (AMP)
5317311000001103,Seretide 250 Accuhaler (Dowelhurst Ltd) (AMP)
5317511000001109,Seretide 500 Accuhaler (Dowelhurst Ltd) (AMP)
5321011000001102,Symbicort 200/6 Turbohaler (Dowelhurst Ltd) (AMP)
5350011000001105,Budesonide 100micrograms/dose Turbohaler (Dowelhurst Ltd) (AMP)
5350211000001100,Budesonide 200micrograms/dose Turbohaler (Dowelhurst Ltd) (AMP)
5350411000001101,Budesonide 400micrograms/dose Turbohaler (Dowelhurst Ltd) (AMP)
5350911000001109,Fluticasone 125micrograms/dose Evohaler (Dowelhurst Ltd) (AMP)
5351111000001100,Fluticasone 250micrograms/dose Evohaler (Dowelhurst Ltd) (AMP)
539811000001106,Seretide 250 Evohaler (GlaxoSmithKline UK Ltd) (AMP)
5404711000001104,Pulmicort 0.5mg Respules (Waymade Healthcare Plc) (AMP)
5525411000001107,Becotide 100microgram Rotacaps (Dowelhurst Ltd) (AMP)
726611000001102,Flixotide 50micrograms/dose Evohaler (GlaxoSmithKline UK Ltd) (AMP)
7379111000001102,Beclometasone 100micrograms/dose inhaler (Kent Pharma (UK) Ltd) (AMP)
7379311000001100,Beclometasone 250micrograms/dose inhaler (Kent Pharma (UK) Ltd) (AMP)
8024611000001102,Budesonide 200micrograms/dose dry powder inhalation cartridge with device (VMP)
8031811000001102,Budelin Novolizer 200micrograms/dose inhalation powder (Viatris UK Healthcare Ltd) (AMP)
810211000001105,Seretide 125 Evohaler (GlaxoSmithKline UK Ltd) (AMP)
8159511000001107,Qvar 50micrograms/dose Easi-Breathe inhaler (Teva UK Ltd) (AMP)
8159711000001102,Qvar 100micrograms/dose Easi-Breathe inhaler (Teva UK Ltd) (AMP)
9003911000001102,Alvesco 80 inhaler (Covis Pharma GmbH) (AMP)
9004211000001109,Alvesco 160 inhaler (Covis Pharma GmbH) (AMP)
9004411000001108,Ciclesonide 160micrograms/dose inhaler CFC free (VMP)
9004511000001107,Ciclesonide 80micrograms/dose inhaler CFC free (VMP)
9111811000001100,Budelin Novolizer 200micrograms/dose inhalation powder refill (Viatris UK Healthcare Ltd) (AMP)
9117811000001107,Budesonide 200micrograms/dose dry powder inhalation cartridge (VMP)
9525111000001105,Easyhaler Beclometasone 200micrograms/dose dry powder inhaler (Orion Pharma (UK) Ltd) (AMP)
